<?xml version="1.0" encoding="UTF-8"?>
<templates id="template" xml:space="preserve">
	<t t-extend="Menu">
		<t t-jquery=".o_main_navbar" t-operation="after">
			<div class="sidebar_panel" id="sidebar_panel"/>
        </t>
    </t>
    <t t-name="code_backend_theme.SideBar">
        <div class="sidebar">
			<div class="sidebar_close">
				<a id="closeSidebar" style="cursor: pointer;">
					<img src="/code_backend_theme/static/src/img/icons/close.png"/>
                </a>
			</div>
			<div class="sidebar_logo">
				<img src="/web/binary/company_logo" class="logo_img"/>
			</div>
            <h6 class="sidebar_head">MENU</h6>
            <ul class="sidebar_menu">
	            <t t-foreach="widget.getApps()" t-as="app">
		            <li>
		            	<a role="menuitem" t-attf-href="#menu_id=#{app.menuID}"
                           class="nav-link" t-att-data-menu-id="app.menuID"
                           t-att-data-menu-xmlid="app.xmlID"
                           t-att-data-action-id="app.actionID">
		                	<img class="sidebar_img"
                                 t-attf-src="data:image/png;base64,#{app.web_icon_data}"/>
                            <span class="sidebar_app_name">
								<t t-esc="app.name"/>
							</span>
		            	 </a>
		            </li>
		    	</t>
	        </ul>
	    </div>
    </t>
</templates>